INSERT INTO PUBLIC.CREDITOR (ID, MAX_FINANCING_RATE_IN_BPS, NAME) VALUES (1, 5, 'Coffee Beans LLC');
INSERT INTO PUBLIC.CREDITOR (ID, MAX_FINANCING_RATE_IN_BPS, NAME) VALUES (2, 3, 'Home Brew');
INSERT INTO PUBLIC.CREDITOR (ID, MAX_FINANCING_RATE_IN_BPS, NAME) VALUES (3, 2, 'Beanstalk');

INSERT INTO PUBLIC.DEBTOR (ID, NAME) VALUES (4, 'Chocolate Factory');
INSERT INTO PUBLIC.DEBTOR (ID, NAME) VALUES (5, 'Sweets Inc');
INSERT INTO PUBLIC.DEBTOR (ID, NAME) VALUES (6, 'ChocoLoco');

INSERT INTO PUBLIC.INVOICE (ID, FINANCED, MATURITY_DATE, VALUE_IN_CENTS, CREDITOR_ID, DEBTOR_ID) VALUES (19, false, DATEADD(DAY, 52, CURRENT_DATE), 200000, 1, 4);
INSERT INTO PUBLIC.INVOICE (ID, FINANCED, MATURITY_DATE, VALUE_IN_CENTS, CREDITOR_ID, DEBTOR_ID) VALUES (20, false, DATEADD(DAY, 33, CURRENT_DATE), 800000, 1, 5);
INSERT INTO PUBLIC.INVOICE (ID, FINANCED, MATURITY_DATE, VALUE_IN_CENTS, CREDITOR_ID, DEBTOR_ID) VALUES (21, false, DATEADD(DAY, 43, CURRENT_DATE), 600000, 1, 6);
INSERT INTO PUBLIC.INVOICE (ID, FINANCED, MATURITY_DATE, VALUE_IN_CENTS, CREDITOR_ID, DEBTOR_ID) VALUES (22, false, DATEADD(DAY, 80, CURRENT_DATE), 500000, 1, 4);
INSERT INTO PUBLIC.INVOICE (ID, FINANCED, MATURITY_DATE, VALUE_IN_CENTS, CREDITOR_ID, DEBTOR_ID) VALUES (23, false, DATEADD(DAY, 5, CURRENT_DATE), 6000000, 1, 5);
INSERT INTO PUBLIC.INVOICE (ID, FINANCED, MATURITY_DATE, VALUE_IN_CENTS, CREDITOR_ID, DEBTOR_ID) VALUES (24, false, DATEADD(DAY, 10, CURRENT_DATE), 500000, 2, 6);
INSERT INTO PUBLIC.INVOICE (ID, FINANCED, MATURITY_DATE, VALUE_IN_CENTS, CREDITOR_ID, DEBTOR_ID) VALUES (25, false, DATEADD(DAY, 15, CURRENT_DATE), 800000, 2, 4);
INSERT INTO PUBLIC.INVOICE (ID, FINANCED, MATURITY_DATE, VALUE_IN_CENTS, CREDITOR_ID, DEBTOR_ID) VALUES (26, false, DATEADD(DAY, 30, CURRENT_DATE), 9000000, 2, 5);
INSERT INTO PUBLIC.INVOICE (ID, FINANCED, MATURITY_DATE, VALUE_IN_CENTS, CREDITOR_ID, DEBTOR_ID) VALUES (27, false, DATEADD(DAY, 32, CURRENT_DATE), 450000, 2, 6);
INSERT INTO PUBLIC.INVOICE (ID, FINANCED, MATURITY_DATE, VALUE_IN_CENTS, CREDITOR_ID, DEBTOR_ID) VALUES (28, false, DATEADD(DAY, 11, CURRENT_DATE), 800000, 2, 4);
INSERT INTO PUBLIC.INVOICE (ID, FINANCED, MATURITY_DATE, VALUE_IN_CENTS, CREDITOR_ID, DEBTOR_ID) VALUES (29, false, DATEADD(DAY, 10, CURRENT_DATE), 3000000, 3, 5);
INSERT INTO PUBLIC.INVOICE (ID, FINANCED, MATURITY_DATE, VALUE_IN_CENTS, CREDITOR_ID, DEBTOR_ID) VALUES (30, false, DATEADD(DAY, 14, CURRENT_DATE), 5000000, 3, 6);
INSERT INTO PUBLIC.INVOICE (ID, FINANCED, MATURITY_DATE, VALUE_IN_CENTS, CREDITOR_ID, DEBTOR_ID) VALUES (31, false, DATEADD(DAY, 23, CURRENT_DATE), 9000000, 3, 4);
INSERT INTO PUBLIC.INVOICE (ID, FINANCED, MATURITY_DATE, VALUE_IN_CENTS, CREDITOR_ID, DEBTOR_ID) VALUES (32, false, DATEADD(DAY, 18, CURRENT_DATE), 800000, 3, 5);
INSERT INTO PUBLIC.INVOICE (ID, FINANCED, MATURITY_DATE, VALUE_IN_CENTS, CREDITOR_ID, DEBTOR_ID) VALUES (33, false, DATEADD(DAY, 50, CURRENT_DATE), 9000000, 3, 6);

INSERT INTO PUBLIC.PURCHASER (ID, MINIMUM_FINANCING_TERM_IN_DAYS, NAME) VALUES (7, 10, 'RichBank');
INSERT INTO PUBLIC.PURCHASER (ID, MINIMUM_FINANCING_TERM_IN_DAYS, NAME) VALUES (11, 12, 'FatBank');
INSERT INTO PUBLIC.PURCHASER (ID, MINIMUM_FINANCING_TERM_IN_DAYS, NAME) VALUES (15, 8, 'MegaBank');

INSERT INTO PUBLIC.PURCHASER_FINANCING_SETTINGS (ID, ANNUAL_RATE_IN_BPS, CREDITOR_ID, PURCHASER_ID) VALUES (8, 50, 1, 7);
INSERT INTO PUBLIC.PURCHASER_FINANCING_SETTINGS (ID, ANNUAL_RATE_IN_BPS, CREDITOR_ID, PURCHASER_ID) VALUES (9, 60, 2, 7);
INSERT INTO PUBLIC.PURCHASER_FINANCING_SETTINGS (ID, ANNUAL_RATE_IN_BPS, CREDITOR_ID, PURCHASER_ID) VALUES (10, 30, 3, 7);
INSERT INTO PUBLIC.PURCHASER_FINANCING_SETTINGS (ID, ANNUAL_RATE_IN_BPS, CREDITOR_ID, PURCHASER_ID) VALUES (12, 40, 1, 11);
INSERT INTO PUBLIC.PURCHASER_FINANCING_SETTINGS (ID, ANNUAL_RATE_IN_BPS, CREDITOR_ID, PURCHASER_ID) VALUES (13, 80, 2, 11);
INSERT INTO PUBLIC.PURCHASER_FINANCING_SETTINGS (ID, ANNUAL_RATE_IN_BPS, CREDITOR_ID, PURCHASER_ID) VALUES (14, 25, 3, 11);
INSERT INTO PUBLIC.PURCHASER_FINANCING_SETTINGS (ID, ANNUAL_RATE_IN_BPS, CREDITOR_ID, PURCHASER_ID) VALUES (16, 30, 1, 15);
INSERT INTO PUBLIC.PURCHASER_FINANCING_SETTINGS (ID, ANNUAL_RATE_IN_BPS, CREDITOR_ID, PURCHASER_ID) VALUES (17, 50, 2, 15);
INSERT INTO PUBLIC.PURCHASER_FINANCING_SETTINGS (ID, ANNUAL_RATE_IN_BPS, CREDITOR_ID, PURCHASER_ID) VALUES (18, 45, 3, 15);

